timestamp,sensor_1,sensor_2,sensor_3,anomaly_real
2023-01-01 00:00:00,52.483570765056164,72.5876394214367,105.57563523608589,0
2023-01-01 01:00:00,49.308678494144075,78.52055396514297,97.32944408195192,0
2023-01-01 02:00:00,53.23844269050346,62.48460575809556,109.38499710069313,0
2023-01-01 03:00:00,57.61514928204013,89.4376460407326,102.95713753758476,0
2023-01-01 04:00:00,48.82923312638332,74.17848821607431,99.14158284796616,0
2023-01-01 05:00:00,48.8293152152541,86.17295831588127,103.58173540648222,0
2023-01-01 06:00:00,57.896064077536955,78.42725346377703,87.432990783452,0
2023-01-01 07:00:00,53.837173645764544,79.56753219153784,90.98586024872156,0
2023-01-01 08:00:00,47.65262807032524,80.69767280232205,90.44859994880755,0
2023-01-01 09:00:00,52.712800217929825,79.47708560017315,101.14354475810966,0
2023-01-01 10:00:00,47.68291153593769,81.42722759867544,113.86011999588074,0
2023-01-01 11:00:00,47.671351232148716,88.29152530132431,117.85040116954106,0
2023-01-01 12:00:00,51.20981135783017,76.9652116970147,105.10440881152606,0
2023-01-01 13:00:00,40.43359877671101,82.09003757588512,104.00675579955566,0
2023-01-01 14:00:00,41.375410837434835,74.10264305712774,85.59153812677809,0
2023-01-01 15:00:00,47.188562353795135,89.40117215449473,95.65860960212783,0
2023-01-01 16:00:00,44.93584439832788,68.2360769794073,93.69772998473408,0
2023-01-01 17:00:00,51.57123666297637,93.00940432910815,95.03321921399107,0
2023-01-01 18:00:00,45.45987962239394,74.59842049355656,98.65484945132168,0
2023-01-01 19:00:00,42.93848149332354,60.69224897881952,96.22327537842298,0
2023-01-01 20:00:00,57.32824384460777,76.2810441491079,84.1656015169937,0
2023-01-01 21:00:00,48.87111849756732,68.1894834252512,105.98328204894027,0
2023-01-01 22:00:00,50.337641023439616,83.40643548988724,91.41805579408155,0
2023-01-01 23:00:00,42.87625906893272,68.4737602069761,101.9139749128892,0
2023-01-02 00:00:00,47.27808637737409,70.5381656678522,116.59266135799979,0
2023-01-02 01:00:00,50.554612948549334,56.10459269054469,92.64492326730861,0
2023-01-02 02:00:00,44.24503211288849,70.47693680750923,79.75769981802937,0
2023-01-02 03:00:00,51.87849009172836,50.76120673371044,97.71196622495911,0
2023-01-02 04:00:00,46.99680655040598,59.16097176514277,108.80767707998857,0
2023-01-02 05:00:00,48.54153125103362,82.60414656144297,115.66677963376475,0
2023-01-02 06:00:00,46.991466938853016,82.85800158650832,90.16360324438067,0
2023-01-02 07:00:00,59.26139092254469,79.25457561784965,103.97359378589218,0
2023-01-02 08:00:00,49.93251387631033,65.33023856870787,96.27751634575958,0
2023-01-02 09:00:00,44.7114453552205,74.5228864385802,99.15241316556691,0
2023-01-02 10:00:00,54.11272456051594,74.96397460909432,121.15474677613628,0
2023-01-02 11:00:00,43.89578175014489,63.416353108074574,87.97623737283877,0
2023-01-02 12:00:00,51.04431797502378,90.0339830176715,102.0299172919566,0
2023-01-02 13:00:00,40.201649380601125,83.77362290575671,103.74154537412346,0
2023-01-02 14:00:00,43.359069755507846,72.79035826170336,108.68629059951478,0
2023-01-02 15:00:00,50.984306179345616,75.26885838994531,100.78386522776717,0
2023-01-02 16:00:00,53.69233289997705,77.08382807947552,102.46440431603281,0
2023-01-02 17:00:00,50.85684140594985,54.58265131575709,96.86681146062567,0
2023-01-02 18:00:00,49.4217585880588,72.52822617479403,102.15301552996085,0
2023-01-02 19:00:00,48.494481522053555,68.18015752002202,97.25446179602072,0
2023-01-02 20:00:00,42.60739004816286,64.98379990105084,104.97257511884841,0
2023-01-02 21:00:00,46.40077895802646,72.18899707114045,97.04311731165093,0
2023-01-02 22:00:00,47.696806145201066,92.97686526849523,103.01680315121749,0
2023-01-02 23:00:00,55.285611131094576,81.4084286126701,99.76589749052017,0
2023-01-03 00:00:00,51.718091447842305,69.28821010217203,109.00840200617735,0
2023-01-03 01:00:00,41.18479922318633,80.72582781356158,99.58885021129211,0
2023-01-03 02:00:00,51.620419846973974,88.99355436586002,85.81574025434495,0
2023-01-03 03:00:00,48.07458859791842,84.24633682912769,110.09537200571194,0
2023-01-03 04:00:00,46.61538999847021,75.59630369920174,92.75414159309905,0
2023-01-03 05:00:00,53.058381444204336,68.53063222294426,94.76986929080944,0
2023-01-03 06:00:00,55.154997612479754,81.9822331361359,95.23470964765207,0
2023-01-03 07:00:00,54.65640059558099,78.9348538542175,110.99550474536653,0
2023-01-03 08:00:00,45.80391238388681,83.95193220027733,82.91460628817043,0
2023-01-03 09:00:00,48.45393812074393,81.35171801681969,125.10198826927996,0
2023-01-03 10:00:00,51.65631715701782,85.49552715319335,108.44845447252841,0
2023-01-03 11:00:00,54.877725635611796,69.64764788439432,101.78591131303328,0
2023-01-03 12:00:00,47.60412881077355,88.17394065634326,99.56084799506971,0
2023-01-03 13:00:00,49.07170511668092,76.975996046924,102.28443259886126,0
2023-01-03 14:00:00,44.468325129969855,95.75260872625265,104.16897942703471,0
2023-01-03 15:00:00,44.01896687959665,68.10812181910433,105.16172468760045,0
2023-01-03 16:00:00,54.06262911197099,92.3596380316525,104.44483572802758,0
2023-01-03 17:00:00,56.78120014285412,76.97910783462648,100.716645450042,0
2023-01-03 18:00:00,49.63994939209833,68.48581996385552,98.42129263754138,0
2023-01-03 19:00:00,55.01766448946012,70.16114165945679,98.78981373077191,0
2023-01-03 20:00:00,51.808180125238174,71.7965269180568,98.44073375717855,0
2023-01-03 21:00:00,46.774401226974376,79.24165946401916,109.07016077493651,0
2023-01-03 22:00:00,51.80697802754207,80.228354880355,104.7484537782469,0
2023-01-03 23:00:00,57.690182832329846,69.26299996061421,76.47689092268575,0
2023-01-04 00:00:00,49.82086980445024,74.75645407739017,105.24720621223808,0
2023-01-04 01:00:00,57.82321827907003,96.42270358611864,101.5578895577502,0
2023-01-04 02:00:00,36.901274479551276,92.27543170100711,99.85032994843282,0
2023-01-04 03:00:00,54.10951252187612,79.36323669674032,96.89185237528892,0
2023-01-04 04:00:00,50.435235341190854,75.380034781682,108.99290175988811,0
2023-01-04 05:00:00,48.50496324767066,76.20031326718261,107.58021169698286,0
2023-01-04 06:00:00,50.458803882677515,81.13517972730416,93.81697865741113,0
2023-01-04 07:00:00,40.06215542699554,64.77207434801595,103.25641829699629,0
2023-01-04 08:00:00,48.90164056081244,72.42623462576655,92.22674612366971,0
2023-01-04 09:00:00,51.78556285755873,58.314159261224106,88.96305468168856,0
2023-01-04 10:00:00,57.38947022370758,78.9922312260528,94.98626220328028,0
2023-01-04 11:00:00,47.40864890863176,81.4719593970274,106.89914777906208,0
2023-01-04 12:00:00,45.95753198553406,70.16813537700627,107.6250003630087,0
2023-01-04 13:00:00,47.491214782077314,90.73986763290033,104.10468336077834,0
2023-01-04 14:00:00,54.57701058851037,62.74234336997659,105.80076629478398,0
2023-01-04 15:00:00,51.64375554829842,60.3562511979018,104.12942629691966,0
2023-01-04 16:00:00,47.351198981164806,77.24451818559972,94.86814723821638,0
2023-01-04 17:00:00,52.56633716556678,85.47098302612154,103.45538035739152,0
2023-01-04 18:00:00,50.4853877467402,91.83927691457869,106.40327620182146,0
2023-01-04 19:00:00,54.84322495266444,70.4111573713106,106.03433063850859,0
2023-01-04 20:00:00,46.48973453061324,85.78680833431295,109.51130697179714,0
2023-01-04 21:00:00,48.36168926701116,74.61491530499293,105.66643077760851,0
2023-01-04 22:00:00,48.03945923433921,73.2737270005918,102.81158566033267,0
2023-01-04 23:00:00,42.68242525933941,83.83659937486672,108.56120190653142,0
2023-01-05 00:00:00,51.48060138532288,81.52322878413419,99.78782992600752,0
2023-01-05 01:00:00,51.30527636089945,59.236078430157505,92.94500279017825,0
2023-01-05 02:00:00,50.025567283212304,89.76540349725896,98.69546428844988,0
2023-01-05 03:00:00,48.82706433312426,88.80091354147451,94.0407788415484,0
2023-01-05 04:00:00,42.923146289747926,68.7443729849047,94.59857380020495,0
2023-01-05 05:00:00,47.89677338617321,78.95803533437409,98.84385063427585,0
2023-01-05 06:00:00,48.286427417366156,79.94030186282738,93.66064063200031,0
2023-01-05 07:00:00,45.9886136538919,77.60673765823907,97.53630776288767,0
2023-01-05 08:00:00,49.19357144166995,69.4969484615458,84.85108266436971,0
2023-01-05 09:00:00,52.02025428407269,68.28376632061949,101.70634965898351,0
2023-01-05 10:00:00,59.43092950605265,74.74445929008554,100.0096438028978,0
2023-01-05 11:00:00,50.872889064159196,86.72729019259364,93.46329095145447,0
2023-01-05 12:00:00,51.28775195361382,80.43600154594432,105.27396534745924,0
2023-01-05 13:00:00,49.62777042116917,71.29385667913894,107.50056110101247,0
2023-01-05 14:00:00,40.40614392350479,82.71698710648344,87.1395210850482,0
2023-01-05 15:00:00,49.867430622753915,46.51457379369924,93.89820177147028,0
2023-01-05 16:00:00,50.30115104970513,86.48765700372104,93.84686120170161,0
2023-01-05 17:00:00,62.316210562426434,57.60286221221901,92.48077519112908,0
2023-01-05 18:00:00,49.03819517609439,71.37559058596868,106.63579873545399,0
2023-01-05 19:00:00,51.50773671166806,63.803301053738565,98.44939088981758,0
2023-01-05 20:00:00,49.82644115147378,62.053185242790946,97.88388126951511,0
2023-01-05 21:00:00,44.15660981190234,86.6082678737852,83.96910108474597,0
2023-01-05 22:00:00,55.7141140725751,70.32298798688109,105.08334424167381,0
2023-01-05 23:00:00,53.75966516343387,78.46503881730716,90.08593284117222,0
2023-01-06 00:00:00,53.95515973521523,74.53079421120816,100.47946104213062,0
2023-01-06 01:00:00,45.4530627260263,79.77040827223121,102.21901550366553,0
2023-01-06 02:00:00,57.013971554680495,75.76821891060256,110.8852687667092,0
2023-01-06 03:00:00,42.990744686038596,62.1700777581143,89.5294368070471,0
2023-01-06 04:00:00,52.93428546900135,84.9626681944714,75.8439027534334,0
2023-01-06 05:00:00,60.952278129049894,70.06243416838687,101.47079635802956,0
2023-01-06 06:00:00,45.04731837434656,59.434181013402494,114.40408945208682,0
2023-01-06 07:00:00,47.16851135198614,70.71884839034088,109.9115708235155,0
2023-01-06 08:00:00,50.498256825438204,90.00759790634311,101.677275322197,0
2023-01-06 09:00:00,47.482621729419,83.50221742113493,96.06691051494361,0
2023-01-06 10:00:00,42.24668284466934,71.5134786559214,106.45698077309848,0
2023-01-06 11:00:00,50.34281487403014,71.50742295681572,92.21163040236425,0
2023-01-06 12:00:00,44.688481431369475,71.78364948782617,103.81086215484976,0
2023-01-06 13:00:00,52.36796215317591,95.76747983560841,104.04376127333302,0
2023-01-06 14:00:00,45.402878828830985,78.81935452231554,108.48167925999104,0
2023-01-06 15:00:00,57.7496720250877,79.3004164719107,122.07728031128862,0
2023-01-06 16:00:00,46.08373353831882,85.30283454031843,103.13932773743014,0
2023-01-06 17:00:00,48.38969241897162,77.38789159026514,95.92829099434002,0
2023-01-06 18:00:00,54.06758608684835,72.40957854179297,99.79540550246405,0
2023-01-06 19:00:00,43.84567841783022,73.03650150915021,85.84739276088706,0
2023-01-06 20:00:00,51.13729967302065,74.28398740585936,94.44229495128754,0
2023-01-06 21:00:00,56.53571377141214,74.62777763490159,96.72574049509517,0
2023-01-06 22:00:00,41.96258382719386,82.2762954363698,95.80729281652326,0
2023-01-06 23:00:00,50.92316929266152,75.519458858073,101.21883897626978,0
2023-01-07 00:00:00,51.29941397124212,82.3264007721558,93.4206405409424,0
2023-01-07 01:00:00,53.909114358886555,74.19283419891417,108.96824533859578,0
2023-01-07 02:00:00,43.81524644560959,75.7863519031609,100.00165651934557,0
2023-01-07 03:00:00,43.39771693457862,55.01799315467892,99.92559743089109,0
2023-01-07 04:00:00,52.60970782808449,84.16327674702481,97.37684226789666,0
2023-01-07 05:00:00,51.48492336616593,78.46488475897992,101.24152547087184,0
2023-01-07 06:00:00,51.252464251729386,84.98010109859652,106.60078611734107,0
2023-01-07 07:00:00,51.73224104748488,46.03744621806311,93.06295827431279,0
2023-01-07 08:00:00,46.59987639210755,95.88374704780728,94.73506808739795,0
2023-01-07 09:00:00,51.16126848580502,73.60410371844826,97.57019176978669,0
2023-01-07 10:00:00,51.46536236649341,86.08182816737516,89.23303261221429,0
2023-01-07 11:00:00,46.42824290986816,64.60094072874469,93.44593712222802,0
2023-01-07 12:00:00,59.328872555723784,81.12773905062569,96.19023301164273,0
2023-01-07 13:00:00,52.36916460455894,64.46584436826343,106.99511344570182,0
2023-01-07 14:00:00,44.04348251398676,68.76231039304194,102.1004906320154,0
2023-01-07 15:00:00,53.28276804316915,94.14031353866787,101.54871929094035,0
2023-01-07 16:00:00,45.126591648863396,73.09317599236654,106.80718369734377,0
2023-01-07 17:00:00,53.93542301871226,77.17432873179723,98.90102569280482,0
2023-01-07 18:00:00,55.79297789503702,83.70067730688754,103.12371879943112,0
2023-01-07 19:00:00,45.89658840824145,79.95681887972604,99.17422597654003,0
2023-01-07 20:00:00,54.816880646221605,76.50418905143576,102.12289879519703,0
2023-01-07 21:00:00,52.063904634682494,78.64961002466225,95.33793073910735,0
2023-01-07 22:00:00,54.11030079997245,99.03415585238275,80.48946273378857,0
2023-01-07 23:00:00,59.48396491326974,74.42381202966415,98.92576670250956,0
2023-01-08 00:00:00,48.77305941998565,77.01099046714967,111.38198508879952,0
2023-01-08 01:00:00,46.23131917821255,85.50654396007612,107.40972321793274,0
2023-01-08 02:00:00,45.55242785187238,86.05525932957984,107.72317987672936,0
2023-01-08 03:00:00,45.92094857517281,86.8703030556038,109.88904577444974,0
2023-01-08 04:00:00,49.61449145292948,81.38730222029184,100.7092607276915,0
2023-01-08 05:00:00,51.70575987408322,63.569950872695166,101.57852565924476,0
2023-01-08 06:00:00,51.3834539966501,91.33431532301096,95.0587848365252,0
2023-01-08 07:00:00,54.13591624518012,63.53654606981312,97.4714171517836,0
2023-01-08 08:00:00,50.065009459389536,78.02635465239034,104.92616919816913,0
2023-01-08 09:00:00,57.26767038578659,67.45724149980641,109.63107549735054,0
2023-01-08 10:00:00,48.67671583381022,74.35861653407008,98.884429794552,0
2023-01-08 11:00:00,63.600845832948096,78.2876241030348,96.3984858811887,0
2023-01-08 12:00:00,53.128336738825034,78.21357215450273,100.00422367085278,0
2023-01-08 13:00:00,45.714212217918586,79.21920754235285,104.80965399143292,0
2023-01-08 14:00:00,44.645537509694435,91.13711269058646,88.44916147093167,0
2023-01-08 15:00:00,52.41236207621593,79.5353430151398,81.6305523749021,0
2023-01-08 16:00:00,48.88268607337075,72.55843364709351,95.59570520406733,0
2023-01-08 17:00:00,53.57000247046046,84.64087168288357,90.23430059268674,0
2023-01-08 18:00:00,52.366188122867726,86.89470488924641,95.93487841882151,0
2023-01-08 19:00:00,49.63585543671564,62.72392184863008,98.81775744946023,0
2023-01-08 20:00:00,45.76603140965798,80.97400069849859,96.3740127278159,0
2023-01-08 21:00:00,42.42576387657068,82.01172742310898,111.61974027576596,0
2023-01-08 22:00:00,47.767425239664895,72.02436496640009,102.61395811681857,0
2023-01-08 23:00:00,54.28199397161736,88.75706813311619,102.40379487688662,0
2023-01-09 00:00:00,51.07046872065102,73.49944412967473,104.97765715234722,0
2023-01-09 01:00:00,43.77130610644006,76.25576453471542,90.88933505775384,0
2023-01-09 02:00:00,50.86590462925591,73.26928175716131,108.31289429936214,0
2023-01-09 03:00:00,51.92658689864418,75.15579047581467,99.39388570771632,0
2023-01-09 04:00:00,45.580712818994336,64.03724913104799,105.3638449379297,0
2023-01-09 05:00:00,50.768625529727636,60.59949117405706,91.42514213567875,0
2023-01-09 06:00:00,50.29104359223,90.94505063224972,87.56992987187148,0
2023-01-09 07:00:00,44.28514851084688,66.53038651681672,106.54311726420023,0
2023-01-09 08:00:00,51.788936801741414,65.08607650543692,103.01127620878013,0
2023-01-09 09:00:00,52.803922631841175,53.466098863962856,92.78358756513991,0
2023-01-09 10:00:00,55.41525621587638,68.61038252310497,93.04269534980244,0
2023-01-09 11:00:00,55.26901026017451,61.76910206592502,109.00347827531816,0
2023-01-09 12:00:00,43.111653160214544,91.4201516013637,90.48470485706137,0
2023-01-09 13:00:00,45.310874800424386,85.09817089342634,113.14138362604771,0
2023-01-09 14:00:00,52.5751763360433,68.11849654822277,92.79503412281704,0
2023-01-09 15:00:00,52.56892975456105,97.52435805344308,105.10713540486707,0
2023-01-09 16:00:00,52.57523843153024,84.81765486991594,97.37105219400813,0
2023-01-09 17:00:00,69.26365745327361,71.75168616491378,104.82549944865875,0
2023-01-09 18:00:00,52.85445255346583,50.005942851264265,95.64708798308646,0
2023-01-09 19:00:00,55.677828200902994,97.90942572590743,98.69765675142165,0
2023-01-09 20:00:00,54.770008817466014,61.10427533236404,100.32735340316577,0
2023-01-09 21:00:00,53.25695625652899,58.546012530431085,91.98250035374822,0
2023-01-09 22:00:00,48.423653776798275,85.2257043200964,105.92659476336101,0
2023-01-09 23:00:00,53.79484610246634,99.39752406339272,95.89429146822732,0
2023-01-10 00:00:00,46.13587392731214,88.84272818510519,98.17120067727986,0
2023-01-10 01:00:00,48.815906966299956,80.6390912005236,92.0452050031319,0
2023-01-10 02:00:00,47.57318226085448,80.94754341665286,79.50133072963752,0
2023-01-10 03:00:00,50.40937069693161,83.53415558780307,98.47177789919864,0
2023-01-10 04:00:00,61.573292833367546,82.58928589786765,119.30092337290333,0
2023-01-10 05:00:00,40.66367403704126,77.81191423969376,106.27683430318419,0
2023-01-10 06:00:00,53.431300951872565,76.04201103951875,99.84591696212485,0
2023-01-10 07:00:00,41.93642064405174,74.37406872100478,97.89687336633386,0
2023-01-10 08:00:00,47.64034067105283,67.46035411133323,100.17972714249638,0
2023-01-10 09:00:00,55.44475298483683,72.19324923133226,104.37695292140168,0
2023-01-10 10:00:00,50.321400095477316,58.07043185804615,90.55349747752925,0
2023-01-10 11:00:00,44.61127611035347,74.0166037320525,108.91457355735098,0
2023-01-10 12:00:00,46.42348145370016,65.11408892849083,105.72305052352995,0
2023-01-10 13:00:00,53.39798874467338,63.964106827842286,105.74548580566348,0
2023-01-10 14:00:00,46.34816684141432,76.79894151153478,103.50780591047781,0
2023-01-10 15:00:00,51.08229294790988,88.920022863446,100.15693326155191,0
2023-01-10 16:00:00,50.22785919951907,84.18316606002313,105.38288988773456,0
2023-01-10 17:00:00,46.74199826197091,59.29499396376823,104.73451306993103,0
2023-01-10 18:00:00,60.719720446626624,65.10371863429663,97.1676743124718,0
2023-01-10 19:00:00,53.169595111590056,84.40771187988216,95.4111858168248,0
2023-01-10 20:00:00,39.874287066711965,65.1751260646169,100.8148503620959,0
2023-01-10 21:00:00,50.93227157384714,72.75366850002976,112.3921612119615,0
2023-01-10 22:00:00,46.69106767615806,80.50052099024552,90.08714339476879,0
2023-01-10 23:00:00,54.26216667398112,65.31655545136366,88.25979787398047,0
2023-01-11 00:00:00,46.037396307836495,76.0537550614596,101.31808672989213,0
2023-01-11 01:00:00,49.42631779266551,61.65974505081795,100.40710161484814,0
2023-01-11 02:00:00,52.524936394902284,68.98632356048786,101.38673331496327,0
2023-01-11 03:00:00,54.32877597085061,78.19781934142537,101.951625583268,0
2023-01-11 04:00:00,43.99851796472112,59.070062664683306,98.21438196292156,0
2023-01-11 05:00:00,48.327493820795254,79.40474737960399,111.91890750881666,0
2023-01-11 06:00:00,47.625273444195216,74.80362201073319,87.19276817218787,0
2023-01-11 07:00:00,46.73335383713144,80.52489954417148,93.37202380175803,0
2023-01-11 08:00:00,58.82727120140548,77.23914134064661,99.17396191880762,0
2023-01-11 09:00:00,52.024908554804774,88.64140429973844,86.85448951076665,0
2023-01-11 10:00:00,43.69558022832477,76.25224502647907,98.59316476454343,0
2023-01-11 11:00:00,54.58930973527388,70.70594458874747,113.29176132582414,0
2023-01-11 12:00:00,60.610780985063165,76.22297503032284,100.16709190636769,0
2023-01-11 13:00:00,55.16232630275574,80.43298029036387,101.84560724574946,0
2023-01-11 14:00:00,42.403150170229935,75.48860070325705,89.91868187861935,0
2023-01-11 15:00:00,47.57882963566874,75.40591691203882,95.06910873568418,0
2023-01-11 16:00:00,56.334555745933116,67.98008312193245,96.9984289574085,0
2023-01-11 17:00:00,46.461652671906094,68.37099082449052,97.45827922595012,0
2023-01-11 18:00:00,52.219097140731144,60.97394728200307,110.25315036003015,0
2023-01-11 19:00:00,53.87317026714668,92.4957674318694,104.461528485801,0
2023-01-11 20:00:00,45.36534764210958,62.56136764608715,91.10833634450374,0
2023-01-11 21:00:00,49.702373219691,68.07094802204092,101.97203822745604,0
2023-01-11 22:00:00,33.79366329965464,67.81592734430802,103.98577398797428,0
2023-01-11 23:00:00,44.87806179332855,83.94924376944441,109.12119230817014,0
2023-01-12 00:00:00,48.7371592430342,72.05050321707972,112.64432549254698,0
2023-01-12 01:00:00,43.76108409017575,87.47742072673734,91.87924646537705,0
2023-01-12 02:00:00,58.16205651965818,68.26509375756132,93.51313991031729,0
2023-01-12 03:00:00,42.84929311019684,77.78994162223802,89.93937712868308,0
2023-01-12 04:00:00,47.79977756651508,66.64652946740243,98.12784112714415,0
2023-01-12 05:00:00,50.65370288643046,96.45149127773388,103.73086699557068,0
2023-01-12 06:00:00,57.20636644533058,63.12401580970487,107.89867613271281,0
2023-01-12 07:00:00,42.8206892441028,78.09820710227028,99.39239181085982,0
2023-01-12 08:00:00,55.815818760774796,81.33776880932099,97.44121981396125,0
2023-01-12 09:00:00,50.05116530509793,79.13799097451498,101.21406393798992,0
2023-01-12 10:00:00,45.09245674476024,73.14712341122292,93.31885678695981,0
2023-01-12 11:00:00,52.31051737131635,73.70179300266574,116.71630977355818,0
2023-01-12 12:00:00,50.99529847786735,75.4381147197911,87.13871178305553,0
2023-01-12 13:00:00,46.99891561420603,73.52997998371511,101.47792463116579,0
2023-01-12 14:00:00,50.349010424950094,84.6387911679491,116.18884975383712,0
2023-01-12 15:00:00,48.073432015691196,97.10523001591352,100.05439875647998,0
2023-01-12 16:00:00,50.56758672625624,69.42508214992166,98.47968771998805,0
2023-01-12 17:00:00,53.31065337260523,61.301970204209226,97.14043661751658,0
2023-01-12 18:00:00,57.93008408072676,74.11717951648745,98.55686654590073,0
2023-01-12 19:00:00,43.810922505865754,100.79709337654319,110.98278779741224,0
2023-01-12 20:00:00,60.665166873281336,66.9632543203027,82.30510470936395,0
2023-01-12 21:00:00,40.23956100238749,91.39116805444067,112.2674696103706,0
2023-01-12 22:00:00,49.24107452482208,91.77700814076441,88.60834278039884,0
2023-01-12 23:00:00,52.94158603242288,69.46411758292005,97.86678136612468,0
2023-01-13 00:00:00,51.40495933867516,80.68983079185276,96.5660446376107,0
2023-01-13 01:00:00,46.88650240089703,91.28396623128538,104.70842615816576,0
2023-01-13 02:00:00,48.95938874821363,71.20872259012513,87.21500518493002,0
2023-01-13 03:00:00,47.53499532670584,72.96419639897638,103.69738132865554,0
2023-01-13 04:00:00,47.053176215278945,69.18319086051356,116.19447698629482,0
2023-01-13 05:00:00,54.24801048510513,64.85243269307134,89.09460796325752,0
2023-01-13 06:00:00,51.785077429825236,68.50722454933992,101.51764934088317,0
2023-01-13 07:00:00,46.53545202369673,62.760597332377436,94.70414257762712,0
2023-01-13 08:00:00,54.49799937716625,75.34083468259226,103.40709764954428,0
2023-01-13 09:00:00,51.536497604383044,67.30026768941359,100.15318221932601,0
2023-01-13 10:00:00,54.0643105941948,77.33785911790747,94.86810472764552,0
2023-01-13 11:00:00,53.14814420961806,59.44104353796373,103.90297827896859,0
2023-01-13 12:00:00,45.85502494538964,78.30880232214457,114.43478487829394,0
2023-01-13 13:00:00,47.19909479901515,83.33528961608924,98.4727696661816,0
2023-01-13 14:00:00,53.73646802561631,55.062643574285445,105.75806353718545,0
2023-01-13 15:00:00,53.05185132716733,78.74056569847572,89.65381633703069,0
2023-01-13 16:00:00,49.89549203017926,87.27668992473292,92.34850898545594,0
2023-01-13 17:00:00,50.58663691654391,62.90358981308795,103.77925022304302,0
2023-01-13 18:00:00,56.388324478942124,91.72572386837703,111.87292822828772,0
2023-01-13 19:00:00,47.04214305582085,79.19019009366045,102.84490679028528,0
2023-01-13 20:00:00,52.73548690585019,67.94988144241591,97.49553575581477,0
2023-01-13 21:00:00,48.98903673783053,74.44230922342294,99.99433124338684,0
2023-01-13 22:00:00,48.911593983863895,80.58326912521723,89.99673812824226,0
2023-01-13 23:00:00,55.49388425993595,75.76005391412411,104.83612261084293,0
2023-01-14 00:00:00,54.12708174494015,80.38755992446369,107.05866449858728,0
2023-01-14 01:00:00,54.06754818000319,65.79326406920634,96.38327733733536,0
2023-01-14 02:00:00,56.52739403577164,76.69360824036077,96.23966281792399,0
2023-01-14 03:00:00,50.105019208163796,60.8628550309502,102.1270258372164,0
2023-01-14 04:00:00,53.40976485647482,73.88773938651299,96.50624211167523,0
2023-01-14 05:00:00,48.44866621703272,65.9609235853521,99.47093908299343,0
2023-01-14 06:00:00,51.62083176244221,67.64470057410233,116.79777431333213,0
2023-01-14 07:00:00,49.34928472816158,87.36093175210438,98.02379439403202,0
2023-01-14 08:00:00,50.48497982496359,85.9131012059427,97.13327878383022,0
2023-01-14 09:00:00,52.975785127184565,81.09138120907177,94.81966555491873,0
2023-01-14 10:00:00,45.908896583832636,64.07687235327421,105.9535357719995,0
2023-01-14 11:00:00,60.4619363784273,71.83591550305198,98.55020661425517,0
2023-01-14 12:00:00,44.96991309250149,87.13097699979184,94.80501569342859,0
2023-01-14 13:00:00,43.92905693606134,76.41716913639905,110.5704322581841,0
2023-01-14 14:00:00,55.79055436750034,98.19329539981695,111.3568240361091,0
2023-01-14 15:00:00,53.95831346981468,78.93317839394372,95.19661147409036,0
2023-01-14 16:00:00,53.12059908526078,76.92049116490031,85.06768038911507,0
2023-01-14 17:00:00,53.1417275463214,71.908835357975,108.06010951869538,0
2023-01-14 18:00:00,49.93876613576543,76.33540904782282,94.52296139391997,0
2023-01-14 19:00:00,45.51372814257084,73.47530163619456,106.32500479330216,0
2023-01-14 20:00:00,50.379022790968634,82.0810867668859,84.23916945830531,0
2023-01-14 21:00:00,46.61419144243944,84.56702316794585,107.14077870639447,0
2023-01-14 22:00:00,54.87559866708875,67.14010539492051,90.31062456575376,0
2023-01-14 23:00:00,49.26471309248931,61.68767046442222,105.8461129525322,0
2023-01-15 00:00:00,45.87251401603744,56.637946268967035,100.11418454269148,0
2023-01-15 01:00:00,48.393070791735035,80.07991326912544,92.36848464482684,0
2023-01-15 02:00:00,52.064657271378124,63.966333938261265,96.74370949658575,0
2023-01-15 03:00:00,47.18137723598013,53.471094070475175,105.4905476556536,0
2023-01-15 04:00:00,45.888898022167844,78.88578604530964,100.84715562492187,0
2023-01-15 05:00:00,51.21843605745956,99.9299951743279,104.67530384377987,0
2023-01-15 06:00:00,51.22483285554361,74.93929088460106,115.81152467612388,0
2023-01-15 07:00:00,47.46528412314435,83.38490774451643,87.4860671063116,0
2023-01-15 08:00:00,47.644808471908384,75.81829358547564,112.937700599749,0
2023-01-15 09:00:00,51.160249686788184,74.01110346808858,100.8348475001857,0
2023-01-15 10:00:00,42.75957829251338,84.19076482987768,92.80972761341498,0
2023-01-15 11:00:00,42.962681128117225,72.09725455811349,89.35749099408808,0
2023-01-15 12:00:00,46.40777889373782,77.67392314071903,98.48703687378374,0
2023-01-15 13:00:00,48.932764241440765,78.21697806196013,107.37320089539567,0
2023-01-15 14:00:00,51.554537827990025,68.31909546356951,98.97960703697973,0
2023-01-15 15:00:00,57.37678108474776,84.92042349536523,112.08923944197878,0
2023-01-15 16:00:00,54.2882981160101,73.25040243304592,88.39059447958753,0
2023-01-15 17:00:00,49.20030735018287,67.44254840507155,99.90328841723156,0
2023-01-15 18:00:00,49.904918960486555,80.36509843570404,89.98085244469505,0
2023-01-15 19:00:00,44.987353176810956,66.01532018208962,102.90905506099975,0
2023-01-15 20:00:00,49.90743432003805,75.28181157369129,107.0950991207784,0
2023-01-15 21:00:00,48.55670680539931,74.90881003355797,96.63390565055157,0
2023-01-15 22:00:00,51.613592801690444,85.85895565831578,79.16628914698293,0
2023-01-15 23:00:00,45.86384528223839,79.74698232879953,101.59158517437196,0
2023-01-16 00:00:00,52.59673257120586,74.74973041254856,103.49390841386807,0
2023-01-16 01:00:00,57.66369456501289,83.17766299200287,103.23435803969357,0
2023-01-16 02:00:00,49.45619925771571,88.90207549017313,109.88625753457723,0
2023-01-16 03:00:00,52.00855861049471,80.57810306351863,91.43157056280761,0
2023-01-16 04:00:00,53.45071995855556,75.10352619843381,105.4417288436036,0
2023-01-16 05:00:00,47.99389764057082,61.8816376764984,109.5400600998238,0
2023-01-16 06:00:00,51.12046240905208,64.34886336924627,85.77129932794787,0
2023-01-16 07:00:00,50.06296200390897,71.94775295645333,102.55721460735182,0
2023-01-16 08:00:00,50.488380492744156,68.90487797840717,95.96656135193862,0
2023-01-16 09:00:00,46.134951080722665,73.13028697014553,99.34781861518684,0
2023-01-16 10:00:00,50.12255087129471,75.56649924897107,102.78141186830669,0
2023-01-16 11:00:00,52.48999145622725,80.2969275435673,96.10217148709158,0
2023-01-16 12:00:00,57.25571803897521,74.29501221940909,94.5943353667071,0
2023-01-16 13:00:00,54.79635413042603,79.86501643826202,100.2732193399042,0
2023-01-16 14:00:00,60.76591228755778,75.6447441481012,91.30203248909758,0
2023-01-16 15:00:00,46.16326218555975,55.24533433646128,91.31339896891852,0
2023-01-16 16:00:00,54.36160318360339,65.60664606181246,105.43498626365202,0
2023-01-16 17:00:00,50.91671002869176,73.55912444278384,90.80964771873076,0
2023-01-16 18:00:00,60.94901466608836,62.90305257158892,105.3305000072737,0
2023-01-16 19:00:00,45.95850857322424,80.99928729996205,103.7007303428316,0
2023-01-16 20:00:00,45.80139078909612,90.30750832343698,86.19354616967523,0
2023-01-16 21:00:00,47.003036772779886,87.18761851697317,94.57948278131477,0
2023-01-16 22:00:00,39.380521378450965,72.86557129069791,109.55287522437898,0
2023-01-16 23:00:00,47.37122489159619,89.90726136849952,92.15067575088254,0
2023-01-17 00:00:00,46.20433669223151,76.48667457202112,96.28476590152489,0
2023-01-17 01:00:00,50.75196893238104,71.62914028881961,103.69648714601517,0
2023-01-17 02:00:00,51.7087798788858,68.8659733645906,106.26712407426076,0
2023-01-17 03:00:00,59.38085419607943,71.97530313511872,97.98768891164403,0
2023-01-17 04:00:00,54.75211919093025,71.11823181458772,95.21991844246686,0
2023-01-17 05:00:00,47.115481721687985,76.70416222375488,111.37895889358806,0
2023-01-17 06:00:00,45.50792664325821,76.60573981049865,113.91119731038063,0
2023-01-17 07:00:00,52.45959585753253,75.03046020153414,107.83086440625436,0
2023-01-17 08:00:00,43.39883396489679,79.3693816974635,100.68254514052019,0
2023-01-17 09:00:00,59.157293829271765,86.90646274786342,93.53387422687258,0
2023-01-17 10:00:00,55.897200603606436,84.49554135441323,93.35644474754747,0
2023-01-17 11:00:00,47.65412173947647,60.151020315500965,104.18011284212606,0
2023-01-17 12:00:00,41.434327354545616,49.46078865098045,103.34718576710947,0
2023-01-17 13:00:00,56.76936187082706,84.34319911239274,111.21278874357144,0
2023-01-17 14:00:00,49.42730077373691,61.33121301584579,105.20360074028912,0
2023-01-17 15:00:00,56.18908155986731,72.75234598107316,87.97535758592146,0
2023-01-17 16:00:00,42.02786170602816,63.298869739406406,108.41558094178335,0
2023-01-17 17:00:00,47.00312488523114,56.9801956241998,92.0155149814847,0
2023-01-17 18:00:00,50.026218498590914,80.41462728204787,96.92822982438119,0
2023-01-17 19:00:00,50.23490296882371,82.59155160302647,102.00160165001355,0
2023-01-17 20:00:00,47.749672642603784,69.2348959927328,115.96533991827171,0
2023-01-17 21:00:00,53.114249661737496,49.0895770785509,124.87934844804289,0
2023-01-17 22:00:00,44.66189785308703,69.53755551747517,104.85378447308946,0
2023-01-17 23:00:00,49.288102574893536,78.91804005402547,98.5344270502369,0
2023-01-18 00:00:00,50.601478158559495,60.21088431225871,104.2760451878444,0
2023-01-18 01:00:00,52.57219417029374,76.83359919779156,107.10124340699069,0
2023-01-18 02:00:00,53.558074390444446,74.84690150827005,97.43465899554246,0
2023-01-18 03:00:00,44.376789540810655,80.79291499601088,114.36169084729858,0
2023-01-18 04:00:00,42.329429146321885,76.19580368414154,101.84056607353122,0
2023-01-18 05:00:00,56.38838410949255,65.26931059118445,103.98194471273115,0
2023-01-18 06:00:00,51.66157005989796,86.96571501664491,105.32739401643569,0
2023-01-18 07:00:00,46.25756731721723,73.4147042697303,103.37269288491565,0
2023-01-18 08:00:00,57.75575987761262,74.72695460490068,106.71152400375689,0
2023-01-18 09:00:00,50.57837317146429,65.66732040926804,95.06197450762461,0
2023-01-18 10:00:00,55.89648592031913,70.5671774880849,95.53358596843175,0
2023-01-18 11:00:00,50.33759240705054,66.15197285973099,91.19876613622644,0
2023-01-18 12:00:00,60.303739624409936,73.27053940076577,103.51600984496181,0
2023-01-18 13:00:00,58.77670421221602,92.11708480142343,106.23149202809691,0
2023-01-18 14:00:00,48.75517925760463,61.28098857068643,103.66218292921509,0
2023-01-18 15:00:00,54.85785475477178,58.86438602123259,113.3959394667803,0
2023-01-18 16:00:00,53.226879747925736,89.71170327493608,99.95523184936762,0
2023-01-18 17:00:00,56.843157787661745,72.90676322848134,105.3499332447401,0
2023-01-18 18:00:00,45.17538269709948,68.30927261340084,91.26639299088549,0
2023-01-18 19:00:00,53.4302572999922,85.39904687396077,96.90320238020479,0
2023-01-18 20:00:00,55.292122434247936,68.94384460263136,105.56430206052622,0
2023-01-18 21:00:00,41.20630256788443,93.26009713546937,106.79281688594516,0
2023-01-18 22:00:00,44.083707436671126,81.7792587133927,97.64826441868654,0
2023-01-18 23:00:00,39.803839111199494,70.12088591854297,99.42720598513546,0
2023-01-19 00:00:00,48.65296582777721,96.57308213265503,87.85701002655352,0
2023-01-19 01:00:00,53.58771127897981,68.94285076996661,97.14376639354712,0
2023-01-19 02:00:00,57.51178526048014,82.42095372009307,107.12306530815829,0
2023-01-19 03:00:00,50.37047390209887,77.99292580406492,104.60164012885252,0
2023-01-19 04:00:00,58.14307772785646,88.01741289398798,104.00532577104968,0
2023-01-19 05:00:00,43.099492708925546,90.61511196726853,100.39818949744767,0
2023-01-19 06:00:00,41.48308780322422,75.32004149065767,100.05650526902541,0
2023-01-19 07:00:00,49.722261505516904,67.46582129653817,94.71743088421242,0
2023-01-19 08:00:00,51.92032724469654,79.59972142939117,105.59062736162028,0
2023-01-19 09:00:00,49.836526259529535,68.22284630247894,103.36778355511512,0
2023-01-19 10:00:00,39.66278949980062,95.13387247526623,103.9361507839424,0
2023-01-19 11:00:00,49.55439980243606,76.36535331082737,95.79172125865935,0
2023-01-19 12:00:00,43.47765249747573,71.34678448687892,82.77325664103004,0
2023-01-19 13:00:00,53.348362744150194,76.84680305864909,108.77722169402956,0
2023-01-19 14:00:00,51.83299123048424,61.52873710470303,96.16930035193276,0
2023-01-19 15:00:00,45.30060106836322,65.28385961489349,93.09779388765503,0
2023-01-19 16:00:00,47.43066541331653,87.00413907944426,105.54783129531195,0
2023-01-19 17:00:00,44.703932390555245,68.43105721028604,96.86389888064696,0
2023-01-19 18:00:00,49.686604513634144,64.53089017318061,108.47949107237298,0
2023-01-19 19:00:00,54.77571160250619,80.36652752527286,104.93604759661358,0
2023-01-19 20:00:00,45.071369768322285,86.85704154662997,105.46855458560383,0
2023-01-19 21:00:00,52.52023257758922,82.18953310665067,89.07235431039572,0
2023-01-19 22:00:00,47.348711908137794,84.96047685805816,109.6955518830912,0
2023-01-19 23:00:00,46.03563583868828,67.43204911430539,102.09000424987084,0
2023-01-20 00:00:00,49.46484820022721,60.78189333258156,97.04578288603038,0
2023-01-20 01:00:00,44.82378838790313,90.01333651955487,101.14710773873801,0
2023-01-20 02:00:00,47.23175347326409,71.77320161157864,85.79011813681345,0
2023-01-20 03:00:00,44.010610537055754,72.49166983544953,103.26922249184537,0
2023-01-20 04:00:00,59.82362566458195,88.28194141849058,91.76502793454343,0
2023-01-20 05:00:00,50.17631775985864,80.5623000940066,89.17863771325173,0
2023-01-20 06:00:00,46.501372460037075,79.55887772081607,87.82112651025687,0
2023-01-20 07:00:00,51.06989955367111,96.65002344901083,108.9015069999194,0
2023-01-20 08:00:00,49.43835975154585,68.56481769619857,94.96589285045769,0
2023-01-20 09:00:00,48.89515200233389,84.27840128081237,112.269821679332,0
2023-01-20 10:00:00,53.07083350021713,75.57013124897084,95.71358829558162,0
2023-01-20 11:00:00,53.787538550236526,77.68592278863257,86.34113633925642,0
2023-01-20 12:00:00,47.34749426194736,90.28468426412532,91.06780448041073,0
2023-01-20 13:00:00,47.1209087967766,80.07835756289624,109.8864929600555,0
2023-01-20 14:00:00,48.62474151424178,80.38296079049633,98.75281457650667,0
2023-01-20 15:00:00,38.49039417632208,85.72507337309803,95.61370162807519,0
2023-01-20 16:00:00,42.42404468900724,71.35047270457115,101.2801458068223,0
2023-01-20 17:00:00,56.83437133722262,66.60790332660994,104.01426188934036,0
2023-01-20 18:00:00,58.22483856750642,64.55190805978967,108.9391905272197,0
2023-01-20 19:00:00,48.75481980221811,55.33643410623998,111.58799383914341,0
2023-01-20 20:00:00,52.88278481527883,95.56207129940321,97.12185083368732,0
2023-01-20 21:00:00,51.55625077271768,63.96791634278317,89.3916185113437,0
2023-01-20 22:00:00,65.3944040422762,72.78746376414227,96.69227871101378,0
2023-01-20 23:00:00,55.59787455717289,72.2318670011108,102.08224405266309,0
2023-01-21 00:00:00,49.36041204259617,78.07406697809101,92.28992859031511,0
2023-01-21 01:00:00,45.22229779699787,83.15737212539297,92.34279268083965,0
2023-01-21 02:00:00,41.96776839871214,83.60473488359746,102.75030305239909,0
2023-01-21 03:00:00,51.017318179336115,69.16922561431062,99.61078118743639,0
2023-01-21 04:00:00,46.21824627357849,73.32878286213588,100.2623759632927,0
2023-01-21 05:00:00,42.888731452011626,77.825799504883,93.93203732239944,0
2023-01-21 06:00:00,46.76713557878737,72.51308873816453,98.15679428635386,0
2023-01-21 07:00:00,44.592259981928024,91.07345576019992,92.60613484585356,0
2023-01-21 08:00:00,58.43570817536282,79.90974951638252,107.1215872889983,0
2023-01-21 09:00:00,54.408198784747256,82.34877786049817,108.28199467779002,0
2023-01-21 10:00:00,49.960136793416915,81.62881268667412,85.23049710209526,0
2023-01-21 11:00:00,57.39972069445013,86.73473857485325,92.56391311846072,0
2023-01-21 12:00:00,50.386841538238095,76.81021558703706,88.02776595927936,0
2023-01-21 13:00:00,45.693578993358685,62.03168052044153,94.79980852474482,0
2023-01-21 14:00:00,57.61562038634828,78.99687951752642,99.33249624167712,0
2023-01-21 15:00:00,52.694550218423295,68.4864310620817,88.40283824241176,0
2023-01-21 16:00:00,44.81376922836772,69.71383318250243,92.6251214949975,0
2023-01-21 17:00:00,49.04830660958196,80.86364018755093,91.96834102334802,0
2023-01-21 18:00:00,45.62190873307621,87.38283071433636,101.65813863519155,0
2023-01-21 19:00:00,43.08600134517832,75.21271576736062,100.55475469629,0
2023-01-21 20:00:00,54.630887737658206,78.08833012598964,94.22609957330198,0
2023-01-21 21:00:00,59.54708320235065,92.02214944635239,101.41456697711519,0
2023-01-21 22:00:00,43.00716213090429,77.40753179488568,95.62655932330188,0
2023-01-21 23:00:00,52.81484618345286,101.01683114180395,97.82675911739157,0
2023-01-22 00:00:00,46.746787154390866,80.65509645631545,113.3876167223883,0
2023-01-22 01:00:00,47.56437308117652,57.39237240844182,110.72368841432278,0
2023-01-22 02:00:00,47.03803037880566,82.53341621104532,89.60335010457922,0
2023-01-22 03:00:00,45.68004615160092,78.81158384882778,106.6378593430334,0
2023-01-22 04:00:00,50.24260813972413,87.89752754082745,106.49117243593274,0
2023-01-22 05:00:00,45.845249417944814,81.73181351269959,90.81389368997905,0
2023-01-22 06:00:00,51.35228412889919,73.61544016016227,106.55022115003888,0
2023-01-22 07:00:00,49.748809452754315,62.757017637106344,112.30345534730043,0
2023-01-22 08:00:00,48.80525976566795,72.90976742713974,91.0196415500447,0
2023-01-22 09:00:00,45.46218168979201,66.494795457907,92.65997743188589,0
2023-01-22 10:00:00,47.116143347158335,69.19476550195277,108.14129173474802,0
2023-01-22 11:00:00,53.77695612912878,80.88578404420609,102.17196248660518,0
2023-01-22 12:00:00,52.504585938121906,91.69904504351406,104.41181020191618,0
2023-01-22 13:00:00,45.11222377600724,78.9467152982298,102.72471373120398,0
2023-01-22 14:00:00,50.49666152714613,63.04116937964815,103.12556736742515,0
2023-01-22 15:00:00,53.75693561685895,79.4460266822014,89.38822297351133,0
2023-01-22 16:00:00,41.652973594393146,86.96631486645651,108.37854165297159,0
2023-01-22 17:00:00,52.71680096189967,68.90217095680617,109.35671993942219,0
2023-01-22 18:00:00,46.686881205270765,73.65982833327082,98.16487404745578,0
2023-01-22 19:00:00,52.852993342965796,75.14688194729197,99.6521844014891,0
2023-01-22 20:00:00,46.18370421728741,67.1510168691776,87.75113997955422,0
2023-01-22 21:00:00,40.9755894966774,81.4828043384386,104.11403804814267,0
2023-01-22 22:00:00,41.862287810584185,73.79051851392218,104.57645953371315,0
2023-01-22 23:00:00,50.24042473330691,79.19532443907028,99.50247186400551,0
2023-01-23 00:00:00,51.29861250860741,66.125078221979,108.99482687896402,0
2023-01-23 01:00:00,45.47841687447796,70.62541699676589,97.32738215216048,0
2023-01-23 02:00:00,53.19296229388687,82.22381357827771,104.5168474071488,0
2023-01-23 03:00:00,41.6923996886552,71.27166847908234,91.84268529046308,0
2023-01-23 04:00:00,49.669601006763415,92.26963851233405,99.8115827930061,0
2023-01-23 05:00:00,43.94491900118771,71.00363814385398,98.60516593677731,0
2023-01-23 06:00:00,46.7408194609892,77.24684725751887,101.80246337632754,0
2023-01-23 07:00:00,50.23699335658207,84.3259083187309,97.04378456933313,0
2023-01-23 08:00:00,45.69793317358024,60.816342670669684,98.94821923462666,0
2023-01-23 09:00:00,48.077222278850876,57.39191188019224,106.60837737153204,0
2023-01-23 10:00:00,55.0314640460722,59.74343685429905,96.50588610209427,0
2023-01-23 11:00:00,47.115540652384254,87.62584103427182,87.14738319409057,0
2023-01-23 12:00:00,54.17846056032571,69.48141854107553,113.99667123364337,0
2023-01-23 13:00:00,44.35146572671191,100.58199285668252,111.0516326295239,0
2023-01-23 14:00:00,52.64902088957641,69.35752401342612,89.66189843915505,0
2023-01-23 15:00:00,57.207843103289505,76.84551303197037,105.51766244196156,0
2023-01-23 16:00:00,37.641777499363556,90.42109952567876,95.97620183558925,0
2023-01-23 17:00:00,46.015523722647615,95.06092888159122,102.10789772264847,0
2023-01-23 18:00:00,52.8853606359027,95.61503576636397,102.35379303210794,0
2023-01-23 19:00:00,48.984773069785035,87.08366230593143,98.12473759746942,0
2023-01-23 20:00:00,51.85572936685654,85.24062525811462,93.72987467530882,0
2023-01-23 21:00:00,46.9800740664209,80.92526949201184,94.47567158146992,0
2023-01-23 22:00:00,50.4329489373645,82.78361076166638,92.67046467615006,0
2023-01-23 23:00:00,49.221613823039604,69.48814283671467,93.34542233415644,0
2023-01-24 00:00:00,55.838910308299035,66.81801116577692,99.46257367960516,0
2023-01-24 01:00:00,51.272104216506065,74.96625542589048,94.27392008711399,0
2023-01-24 02:00:00,51.68801331037601,73.29815377475072,105.45641652570096,0
2023-01-24 03:00:00,47.94061516938766,70.46771950672725,111.89796924268742,0
2023-01-24 04:00:00,47.56196887963753,81.96387447456715,95.35957406903965,0
2023-01-24 05:00:00,47.8372090609019,84.5530520857051,101.91523600428302,0
2023-01-24 06:00:00,51.97226071189149,75.88406886291847,103.99748088242347,0
2023-01-24 07:00:00,47.895077595898684,89.77530081055262,103.7760181673542,0
2023-01-24 08:00:00,51.448874284482066,63.58310885866495,100.6076421433287,0
2023-01-24 09:00:00,60.37700399322719,73.06340540720282,105.94145934687778,0
2023-01-24 10:00:00,54.35562351715846,67.83177679397195,103.85799162144525,0
2023-01-24 11:00:00,48.369882339160796,56.3346338292694,90.09870062138162,0
2023-01-24 12:00:00,56.00606961081972,74.17319314157301,106.95324851511418,0
2023-01-24 13:00:00,47.95962313489224,73.78252491616716,107.09832669813393,0
2023-01-24 14:00:00,39.80937732411073,90.13449743242131,93.89371116657135,0
2023-01-24 15:00:00,44.95956844541298,81.30811684554777,100.30350268358082,0
2023-01-24 16:00:00,40.646040394870724,64.75813175670795,105.46663194248856,0
2023-01-24 17:00:00,48.24243257979346,93.54092566334188,98.32548944336511,0
2023-01-24 18:00:00,50.09209189594776,87.21033695525352,108.5838243821281,0
2023-01-24 19:00:00,58.382186561376415,80.82097703468615,118.91097995695489,0
2023-01-24 20:00:00,51.63463686882081,72.73515901150168,93.71211173892014,0
2023-01-24 21:00:00,48.90449735595568,65.4056076327652,88.9516431747698,0
2023-01-24 22:00:00,54.14702790591745,71.27793223928947,102.430548764839,0
2023-01-24 23:00:00,38.944323454960575,85.88748619704185,105.77250004100915,0
2023-01-25 00:00:00,51.17807279054283,93.84586305934609,98.15306900924185,0
2023-01-25 01:00:00,53.85432596943483,90.43243528272188,111.62608530656827,0
2023-01-25 02:00:00,42.60706877110079,70.11150578213726,89.29115360221401,0
2023-01-25 03:00:00,55.71877021603464,63.80382566710989,105.54334898425289,0
2023-01-25 04:00:00,51.69248203747207,76.40886246911204,95.15311343392885,0
2023-01-25 05:00:00,47.923560430495996,57.31560634437149,113.75502324965838,0
2023-01-25 06:00:00,53.163909330531425,78.23167714184781,115.94012282534494,0
2023-01-25 07:00:00,61.35346428902198,73.52397413701331,93.86674729773321,0
2023-01-25 08:00:00,50.90933127529247,70.33963498131757,95.60354291273136,0
2023-01-25 09:00:00,51.24110293150168,59.05296932733204,106.87670309583842,0
2023-01-25 10:00:00,47.70319550229878,80.13600106569717,96.90295480168388,0
2023-01-25 11:00:00,45.75077815267604,69.6729916033809,99.63671025654209,0
2023-01-25 12:00:00,54.15167908272123,63.30083164289712,100.20310736433927,0
2023-01-25 13:00:00,45.719580870455665,46.2773778671835,84.64261475041874,0
2023-01-25 14:00:00,50.35783118609696,74.72485094949364,99.8892980312461,0
2023-01-25 15:00:00,47.61171276617441,92.72251596669744,94.48217780748661,0
2023-01-25 16:00:00,52.39489912873196,91.6125921454787,96.05501742080182,0
2023-01-25 17:00:00,51.668310526434745,70.42903743413729,111.54905602775051,0
2023-01-25 18:00:00,55.1876997212895,68.97787939638219,89.94794484576595,0
2023-01-25 19:00:00,47.44991800572627,79.68774256075024,106.50564149398382,0
2023-01-25 20:00:00,48.65062532353314,65.01614560811709,97.76829655734554,0
2023-01-25 21:00:00,45.106181421088465,78.01791899819466,97.76191865203333,0
2023-01-25 22:00:00,47.778533699619445,82.6608027838469,106.32297516841369,0
2023-01-25 23:00:00,51.88650246522426,87.26933223884308,102.72041035655113,0
2023-01-26 00:00:00,53.78494308322676,73.99845923520047,104.56490397775625,0
2023-01-26 01:00:00,45.389173379111874,72.96326249823034,107.74547728426289,0
2023-01-26 02:00:00,54.3480296005283,66.2201741324344,97.34953293453341,0
2023-01-26 03:00:00,56.778189294024756,66.73119645960139,95.102106123938,0
2023-01-26 04:00:00,52.067174516118506,72.73521108098473,91.31879578753761,0
2023-01-26 05:00:00,59.38397906279033,78.67365506816178,93.39671576016836,0
2023-01-26 06:00:00,46.13105400448214,84.13584626233249,123.5927554024698,0
2023-01-26 07:00:00,43.776726483442914,66.96821049319655,109.95743664589429,0
2023-01-26 08:00:00,41.10639875547861,89.92688568959522,89.19140507033583,0
2023-01-26 09:00:00,57.480221557445915,72.2887639895743,89.42033634605144,0
2023-01-26 10:00:00,53.27182828177029,74.78632705651565,103.85492849374793,0
2023-01-26 11:00:00,49.72207664544772,67.52788320852177,104.37811837902373,0
2023-01-26 12:00:00,51.3998431315991,50.75759739727059,104.39107068253891,0
2023-01-26 13:00:00,44.37255476350812,83.8404539636105,97.96035365157041,0
2023-01-26 14:00:00,62.228759898084135,82.36843897092433,98.9963659199768,0
2023-01-26 15:00:00,50.64610590987614,72.18672442881787,102.62303619327486,0
2023-01-26 16:00:00,50.546973973024464,75.66990717224871,100.68714405034665,0
2023-01-26 17:00:00,53.62883311949346,80.159392177041,82.24559701801972,0
2023-01-26 18:00:00,52.40504615868357,59.374541431134574,98.16160295539845,0
2023-01-26 19:00:00,51.119420121395656,69.70947322653706,93.18874852591749,0
2023-01-26 20:00:00,46.04762772277344,82.94264679621827,101.4016913512681,0
2023-01-26 21:00:00,52.35734178567998,62.45710576830751,123.88207202082728,0
2023-01-26 22:00:00,59.41012248237517,77.9355793216663,102.93985332379444,0
2023-01-26 23:00:00,56.72710023077489,61.43418195376595,97.49176251062082,0
2023-01-27 00:00:00,57.965933133196984,79.66429982433526,107.37441201581802,0
2023-01-27 01:00:00,47.443921617844076,74.64358517702516,103.8615030976737,0
2023-01-27 02:00:00,45.0519758987071,58.848681840944906,103.36075592361473,0
2023-01-27 03:00:00,49.37106539950176,86.64739354457171,104.85480474572537,0
2023-01-27 04:00:00,50.27862456144347,67.65408423201951,116.45234851863633,0
2023-01-27 05:00:00,55.47095759235474,66.89747562985619,90.95289251739267,0
2023-01-27 06:00:00,41.5376768514259,77.00569197230944,103.78905661449164,0
2023-01-27 07:00:00,57.64775159730307,86.48637349428715,92.5889509601477,0
2023-01-27 08:00:00,49.20996050710505,64.84178181021603,104.44410117073798,0
2023-01-27 09:00:00,47.8655946502629,75.61679849847971,92.65050790811125,0
2023-01-27 10:00:00,44.93947812369916,79.28816500330574,96.66106549115932,0
2023-01-27 11:00:00,41.72571664067115,81.93105607263143,97.63928068609675,0
2023-01-27 12:00:00,54.11585291980957,76.76441555277225,107.80653375475767,0
2023-01-27 13:00:00,50.36658983594202,71.32972160916678,107.34763555153931,0
2023-01-27 14:00:00,43.55019550129473,66.7240977935128,90.03426098842893,0
2023-01-27 15:00:00,43.52460613968192,75.86143883046375,100.43947288799879,0
2023-01-27 16:00:00,48.32107650354936,64.27860988014393,94.32336116200662,0
2023-01-27 17:00:00,58.34510762644696,45.78649516505393,89.93196071459732,0
2023-01-27 18:00:00,48.702043243181976,79.36559804157667,98.26386359660503,0
2023-01-27 19:00:00,42.48428523440947,84.03934841086195,97.53213769235344,0
2023-01-27 20:00:00,48.77128467957028,51.37067564458162,119.41373189076418,0
2023-01-27 21:00:00,48.63638215126165,64.90269295290062,103.46367860288557,0
2023-01-27 22:00:00,36.515566785292144,81.19154261005198,88.9790599939661,0
2023-01-27 23:00:00,49.72852566741094,95.574954697117,95.48180796663246,0
2023-01-28 00:00:00,48.84532734895661,75.20793707675408,108.17106636343519,0
2023-01-28 01:00:00,53.48103182406709,67.71997058770866,116.7075421829594,0
2023-01-28 02:00:00,59.244780474726724,73.1710355889516,87.31213350209633,0
2023-01-28 03:00:00,55.632825147738785,88.74876419148185,84.96060491888764,0
2023-01-28 04:00:00,48.65555654722585,68.54035820875464,114.96772140297426,0
2023-01-28 05:00:00,44.46737045629165,67.00807993349747,103.11691341896723,0
2023-01-28 06:00:00,62.8667990162493,70.17256477817968,93.05365814498907,0
2023-01-28 07:00:00,50.29609217007244,65.46671391741287,104.27703268897949,0
2023-01-28 08:00:00,50.06964645956473,76.22670315994796,78.91401808786497,0
2023-01-28 09:00:00,49.87937456444998,91.2467845846956,100.02700405277729,0
2023-01-28 10:00:00,50.99042380383928,78.23079273116029,102.62256938274469,0
2023-01-28 11:00:00,49.27819794038029,72.47646497873713,107.39416111630264,0
2023-01-28 12:00:00,47.13168996559882,72.08188731084456,91.8888323816597,0
2023-01-28 13:00:00,47.26570529379804,59.36809191303343,100.68549729122687,0
2023-01-28 14:00:00,49.83623364892001,83.83109777147159,92.5966029915233,0
2023-01-28 15:00:00,47.282876144331176,74.22162802987198,102.04307004539454,0
2023-01-28 16:00:00,46.43577108661418,73.19520086409375,92.83722942109581,0
2023-01-28 17:00:00,50.53215113845948,106.93107567844861,96.73519328671823,0
2023-01-28 18:00:00,48.72511391289572,77.98752908365687,92.03347684167817,0
2023-01-28 19:00:00,57.51996494291345,67.48208949904816,105.20908993458926,0
2023-01-28 20:00:00,36.74515095803494,70.73642403794457,106.86760893325332,0
2023-01-28 21:00:00,55.45753425961231,86.48445709196756,98.12303544034069,0
2023-01-28 22:00:00,56.23042596248815,76.13270410537764,100.30590395968022,0
2023-01-28 23:00:00,39.63304883795925,60.61722021682633,88.41126868293165,0
2023-01-29 00:00:00,48.28656202959826,84.19228934575203,97.6025868159457,0
2023-01-29 01:00:00,48.142795670021044,68.31855914461006,99.59836306366604,0
2023-01-29 02:00:00,42.96244152641089,93.73297776217545,120.9663447282398,0
2023-01-29 03:00:00,46.110916562045624,85.80048065714648,91.1042637938067,0
2023-01-29 04:00:00,44.44712077267086,70.52678104341248,111.7134179100195,0
2023-01-29 05:00:00,58.761352217118116,87.81016361735112,107.97487018772647,0
2023-01-29 06:00:00,54.678391965737305,75.67855510527403,102.2450912359211,0
2023-01-29 07:00:00,56.35777547497079,83.52773675122219,114.06896387356107,0
2023-01-29 08:00:00,53.60836032021618,79.84732817294474,102.9768437808549,0
2023-01-29 09:00:00,44.354741143913856,66.53643345009127,103.11327356534343,0
2023-01-29 10:00:00,47.37739866860113,68.56450167682539,99.57503477585963,0
2023-01-29 11:00:00,52.44687280613959,85.29960817581161,109.78855105934902,0
2023-01-29 12:00:00,43.88936095554027,71.65224667893459,108.77175387048707,0
2023-01-29 13:00:00,53.56499215086194,70.96351536758003,94.9945817000303,0
2023-01-29 14:00:00,48.79837300920933,65.44877420650647,89.44602244320986,0
2023-01-29 15:00:00,48.12589596225201,79.23599065593461,98.37615490083475,0
2023-01-29 16:00:00,53.554799841017456,95.62524919243145,93.59969148481883,0
2023-01-29 17:00:00,52.2213165574302,64.32467085745728,99.49180340307716,0
2023-01-29 18:00:00,48.1951691709046,75.24219456672758,109.89950507747311,0
2023-01-29 19:00:00,55.79664901682124,89.12220555415429,96.34158675930568,0
2023-01-29 20:00:00,44.59468336200051,74.20358608754285,99.6574129495074,0
2023-01-29 21:00:00,53.07967803472132,79.52371796249734,100.46418187846716,0
2023-01-29 22:00:00,52.96550628984192,64.37606471853121,106.78744705764228,0
2023-01-29 23:00:00,48.45226780343005,79.28307097207649,82.02488532812316,0
2023-01-30 00:00:00,51.63066511121059,73.12855734995452,95.14639764187763,0
2023-01-30 01:00:00,43.74443211807348,84.85729995679863,101.69026953823578,0
2023-01-30 02:00:00,54.6201350960345,86.87386051564751,109.60063165141489,0
2023-01-30 03:00:00,49.075489317785056,100.89563642018614,96.06478041995035,0
2023-01-30 04:00:00,47.3863848974048,80.79633173213576,84.98757835166501,0
2023-01-30 05:00:00,55.245046129184445,78.25796316582166,104.95769156772909,0
2023-01-30 06:00:00,46.4782815472862,76.94384301577335,94.91710088939496,0
2023-01-30 07:00:00,42.957693518182204,71.46833707189312,90.4826667272771,0
2023-01-30 08:00:00,42.21685413238048,78.38483843461691,95.00523688229421,0
2023-01-30 09:00:00,53.0300497567282,72.0459858986097,98.52379713875321,0
2023-01-30 10:00:00,43.597853237518585,76.68460976269614,95.1620426836943,0
2023-01-30 11:00:00,58.77397090992182,88.17597535607959,82.35547154320744,0
2023-01-30 12:00:00,39.59035296058139,64.9345743472036,107.17652957509706,0
2023-01-30 13:00:00,58.48228184145019,86.39878561129045,110.19900033022978,0
2023-01-30 14:00:00,51.055087336013095,88.17115067339866,105.21217593071604,0
2023-01-30 15:00:00,49.51643444064804,73.81931473008922,90.89851463660146,0
2023-01-30 16:00:00,47.27540456595525,53.78145100991405,98.38806772841986,0
2023-01-30 17:00:00,51.99568057176035,68.92178012905568,99.94782947816434,0
2023-01-30 18:00:00,49.811826487875756,87.96994546561109,104.79035511649528,0
2023-01-30 19:00:00,55.516509410082605,74.77131937701118,105.34672390974464,0
2023-01-30 20:00:00,50.5711382433102,65.0069776770509,94.12660960977203,0
2023-01-30 21:00:00,50.751508807309385,69.95225078771783,100.65596445130848,0
2023-01-30 22:00:00,48.18193893893072,83.40620026504553,103.65824323692193,0
2023-01-30 23:00:00,49.71527188139466,80.4673356820138,111.64657857717413,0
2023-01-31 00:00:00,51.5390088444603,72.61067900830305,105.63605231859779,0
2023-01-31 01:00:00,41.449158036716874,71.33175588185313,106.31245349900415,0
2023-01-31 02:00:00,43.25907288947143,71.08241850956178,100.67061302343488,0
2023-01-31 03:00:00,53.71632047011357,65.77589815501497,111.28367316162803,0
2023-01-31 04:00:00,50.85432719063971,91.15375689469442,103.27810236767598,0
2023-01-31 05:00:00,49.0800833182366,71.7767953078866,93.11129671861144,0
2023-01-31 06:00:00,50.09216966532696,87.17158520825497,111.22695976100152,0
2023-01-31 07:00:00,51.737908526808354,90.21316051922452,105.58322618031222,0
2023-01-31 08:00:00,47.30120159845319,84.9831089814796,96.45564783097214,0
2023-01-31 09:00:00,46.108476372988434,70.68379687281951,96.16405626080605,0
2023-01-31 10:00:00,50.97922627548841,79.03730090336609,102.3726043611261,0
2023-01-31 11:00:00,45.10813611192484,74.75804393609084,103.70547836214068,0
2023-01-31 12:00:00,52.04126377857236,65.96298139269872,101.57833812504965,0
2023-01-31 13:00:00,41.4870819788108,78.24359281721603,102.49046938754307,0
2023-01-31 14:00:00,55.14577818662822,63.20960208840198,113.59965899661104,0
2023-01-31 15:00:00,52.362987412065216,86.87679388461564,108.57234521787909,0
2023-01-31 16:00:00,51.28014867156938,70.35382702701607,101.5250847301202,0
2023-01-31 17:00:00,54.91345491972757,77.0115965587284,107.53048464613987,0
2023-01-31 18:00:00,58.32737222231288,77.83287871546142,91.73980877177968,0
2023-01-31 19:00:00,55.07185032509065,72.41095026295923,103.18341639957447,0
2023-01-31 20:00:00,40.795628843341774,80.86693801475275,114.47445079786488,0
2023-01-31 21:00:00,43.60211516632149,70.25096343377476,98.25563283686101,0
2023-01-31 22:00:00,46.875907111521606,83.71297297457244,93.21892857104731,0
2023-01-31 23:00:00,50.130455251054165,61.54020319753251,94.78328889125551,0
2023-02-01 00:00:00,52.58829510234561,76.26379579546412,91.2829357012609,0
2023-02-01 01:00:00,46.37128093423267,94.38928999058285,93.72190473497837,0
2023-02-01 02:00:00,50.93383382238539,64.99668675394426,97.03593521127976,0
2023-02-01 03:00:00,46.22308533823339,68.22255029475149,88.75546384657086,0
2023-02-01 04:00:00,46.94241098504026,80.13907849658915,100.12494667159683,0
2023-02-01 05:00:00,42.96669451575889,76.79581781939598,107.21821739029318,0
2023-02-01 06:00:00,45.38383376944548,78.50630099273559,92.73795055882464,0
2023-02-01 07:00:00,43.241576971918334,79.89187130147664,112.15427138913415,0
2023-02-01 08:00:00,45.12063373511334,81.3472146856177,104.08633670822076,0
2023-02-01 09:00:00,55.2682089830392,86.09699841956223,108.24464468499247,0
2023-02-01 10:00:00,45.25300555584028,79.09818656928513,94.7373235691829,0
2023-02-01 11:00:00,63.161910324186955,72.58742345381458,106.83620181653292,0
2023-02-01 12:00:00,52.466589504404446,81.72573701202731,91.2645287968375,0
2023-02-01 13:00:00,50.92418061847437,93.99881934895215,107.12198000669207,0
2023-02-01 14:00:00,45.70821109909393,73.67366253617426,101.37471471834824,0
2023-02-01 15:00:00,53.501549397044954,65.25470695329358,104.42600975987827,0
2023-02-01 16:00:00,47.12181086881113,86.07080669286972,90.59524315500119,0
2023-02-01 17:00:00,50.610049073226804,73.79618836046401,92.83944126178716,0
2023-02-01 18:00:00,62.800422691343975,53.27330453985964,104.77782574602708,0
2023-02-01 19:00:00,49.519700501376754,83.47421677150422,92.4132159662064,0
2023-02-01 20:00:00,55.74636663142838,69.64671814046078,103.70565033679298,0
2023-02-01 21:00:00,46.48411787437056,74.0946671769584,89.06289754831803,0
2023-02-01 22:00:00,49.82505754751519,78.31980330569014,106.78539370133335,0
2023-02-01 23:00:00,58.85400317817755,76.90499679779066,90.13981348185193,0
2023-02-02 00:00:00,46.86516471106116,82.09451817139039,104.41839950143618,0
2023-02-02 01:00:00,59.062242789984644,70.64513629430157,105.005047469168,0
2023-02-02 02:00:00,53.538759677277376,80.13105798176083,94.4258254525634,0
2023-02-02 03:00:00,47.18766612052866,72.40453322416083,104.65621253667781,0
2023-02-02 04:00:00,53.1620386952776,82.38810480887503,102.08353810666844,0
2023-02-02 05:00:00,54.86277224813365,81.15367484013053,95.6892651504581,0
2023-02-02 06:00:00,53.10904981108598,65.64561297955404,91.93156252739034,0
2023-02-02 07:00:00,42.14887640054772,85.85982116175032,84.29899446661936,0
2023-02-02 08:00:00,46.364314120875655,69.64036554885952,102.79720037839755,0
2023-02-02 09:00:00,48.762406822242475,83.08057798281145,87.48157782910356,0
2023-02-02 10:00:00,49.62783285449977,78.6728731340134,100.76275359553047,0
2023-02-02 11:00:00,53.10336048775339,93.38183676795123,97.892414271342,0
2023-02-02 12:00:00,50.88850500466627,72.76534017628148,105.43314220350557,0
2023-02-02 13:00:00,43.323278206449494,71.50683203881802,97.58363600408109,0
2023-02-02 14:00:00,51.90098925502981,74.80580394112268,97.36441770922328,0
2023-02-02 15:00:00,53.05292872641912,71.96820217165724,105.85496563430637,0
2023-02-02 16:00:00,52.7989522396552,82.9994190194205,102.68046423267295,0
2023-02-02 17:00:00,55.40390362777311,58.83689391563412,102.52924765746222,0
2023-02-02 18:00:00,54.16961077274452,64.46317580853646,103.75414071846821,0
2023-02-02 19:00:00,52.29590039614219,64.32197078420808,87.71542301434316,0
2023-02-02 20:00:00,49.649171442706766,84.50307591973575,106.05430943989586,0
2023-02-02 21:00:00,41.69519533242004,92.10613372581925,104.89975035210882,0
2023-02-02 22:00:00,52.14809109566293,73.95550781462528,91.86653497138802,0
2023-02-02 23:00:00,51.03843843581556,73.31178276809989,98.0473562106064,0
2023-02-03 00:00:00,51.35789418597687,75.70052163113182,99.68554169897895,0
2023-02-03 01:00:00,43.61625712089845,86.6187830260819,98.92402572478613,0
2023-02-03 02:00:00,44.59471729795869,65.72646865809426,102.67087973254827,0
2023-02-03 03:00:00,55.26576426666452,77.38368982734785,111.45093425464947,0
2023-02-03 04:00:00,49.802224230716725,84.7519762978243,108.65413382138263,0
2023-02-03 05:00:00,53.40750348686312,80.01094169939846,89.50224645254875,0
2023-02-03 06:00:00,50.14159188065231,76.89581616598744,104.97655992244839,0
2023-02-03 07:00:00,50.14878069747873,85.01046092567141,110.63146655628327,0
2023-02-03 08:00:00,54.69141902987999,47.967677070007625,103.09446816551362,0
2023-02-03 09:00:00,47.41977635891313,81.77875319530908,108.72784340148773,0
2023-02-03 10:00:00,50.48060388470492,68.45924316872576,116.09816356560611,0
2023-02-03 11:00:00,47.68862355647479,56.69367103143543,108.18967636885586,0
2023-02-03 12:00:00,47.827518862838424,80.11202599524981,101.99446876513383,0
2023-02-03 13:00:00,48.454139382656805,88.73658545162958,108.36070779267803,0
2023-02-03 14:00:00,51.110668858168566,73.62551485372308,101.15910266477513,0
2023-02-03 15:00:00,47.60625689168261,84.52874547202939,100.19122434627964,0
2023-02-03 16:00:00,56.278780627867604,91.12278257988646,97.18868611429014,0
2023-02-03 17:00:00,45.52696348890248,88.14914453584048,112.50730687065686,0
2023-02-03 18:00:00,49.06564177919321,91.39964529371393,93.45257067246399,0
2023-02-03 19:00:00,47.801344708629124,82.42127491071892,112.25894179742492,0
2023-02-03 20:00:00,57.23488942176866,75.75433638901593,103.99891298992297,0
2023-02-03 21:00:00,50.98277388255787,58.980341881028316,88.80555060158447,0
2023-02-03 22:00:00,55.159222697343175,72.53937511870052,102.94119434393137,0
2023-02-03 23:00:00,42.57219813481514,66.56753404683808,83.19978793878701,0
2023-02-04 00:00:00,51.33525132934629,96.70942717497815,105.00406413464829,0
2023-02-04 01:00:00,54.44815397811718,73.24114187567663,107.08185186391192,0
2023-02-04 02:00:00,50.41141994637712,76.23204806784486,95.26115235478358,0
2023-02-04 03:00:00,55.32740187532676,80.51485376040468,100.98838156764465,0
2023-02-04 04:00:00,47.41355774949814,75.43602446372454,115.63325947000229,0
2023-02-04 05:00:00,57.0467372009279,91.95051040430752,95.95402636590451,0
2023-02-04 06:00:00,61.49449061809625,68.77350638265548,91.5287393035472,0
2023-02-04 07:00:00,48.18580719780171,76.94607455237242,111.8533072197008,0
2023-02-04 08:00:00,47.77248739299614,67.57529414301952,115.70069752424635,0
2023-02-04 09:00:00,57.2669223855885,61.79977488779294,100.02956537478278,0
2023-02-04 10:00:00,57.89786072865356,68.88230909094715,108.09170428326685,0
2023-02-04 11:00:00,47.38569986423366,74.62963202951588,110.73180732424704,0
2023-02-04 12:00:00,47.89906591452071,70.7069777548274,94.06012613969293,0
2023-02-04 13:00:00,48.59107695569747,68.07579020126144,96.11755331705706,0
2023-02-04 14:00:00,43.27774744482861,60.93682536328166,109.84699610523788,0
2023-02-04 15:00:00,45.40674026757901,74.16894427371305,113.48011422966808,0
2023-02-04 16:00:00,44.97929616623966,59.952796259689975,104.50304688139484,0
2023-02-04 17:00:00,46.16101217447936,82.60055963689602,92.96148517198357,0
2023-02-04 18:00:00,49.82657556306609,75.82439752934503,115.89648889359553,0
2023-02-04 19:00:00,51.1710736626826,60.4244850053507,95.75223281750428,0
2023-02-04 20:00:00,57.75250246407038,71.90790922950137,97.31889775062838,0
2023-02-04 21:00:00,45.00822979630605,67.47843594409417,102.73870267591697,0
2023-02-04 22:00:00,54.92161199238292,78.19174510419181,112.4332833657182,0
2023-02-04 23:00:00,48.93005577887246,88.40450446023145,106.8318078124178,0
2023-02-05 00:00:00,49.752681451737836,56.248275303542556,103.31892400289529,0
2023-02-05 01:00:00,53.37409746083302,76.15026079147417,103.70630824094485,0
2023-02-05 02:00:00,44.386389892188504,73.3986720443336,100.34811734914773,0
2023-02-05 03:00:00,51.912048730920255,81.71340076450466,104.46511611614805,0
2023-02-05 04:00:00,50.83226104106528,77.1319662823769,79.76351937844558,0
2023-02-05 05:00:00,52.462256320040744,67.48030668261181,97.62714032744161,0
2023-02-05 06:00:00,51.44584321953909,71.80946064333382,101.93057547933425,0
2023-02-05 07:00:00,62.276500699554475,67.03974143196511,90.79188733104394,0
2023-02-05 08:00:00,46.81130007874342,85.76007138598598,103.09058654249247,0
2023-02-05 09:00:00,47.34501522499091,75.21311648671943,98.36423023211103,0
2023-02-05 10:00:00,46.88429736787618,94.01190685753008,114.04380558652392,0
2023-02-05 11:00:00,47.22261440419873,74.39339186185379,112.58415780171885,0
2023-02-05 12:00:00,46.81306436346741,67.91593233089537,96.27355544705469,0
2023-02-05 13:00:00,55.94508265553776,59.862856073871725,98.79329830746644,0
2023-02-05 14:00:00,57.102521239949276,56.96860323744055,99.40841947513286,0
2023-02-05 15:00:00,47.146268531252616,59.158640569945106,96.38672419072302,0
2023-02-05 16:00:00,45.838222134478855,77.67126651011483,101.56019987222501,0
2023-02-05 17:00:00,52.35707778193202,80.08725023229934,93.93374344889928,0
2023-02-05 18:00:00,47.23888477859514,59.188092979678665,90.95507732049978,0
2023-02-05 19:00:00,53.164659088777555,83.95038314076115,104.98168979120214,0
2023-02-05 20:00:00,51.0146151042565,70.1693894831656,105.03623667377448,0
2023-02-05 21:00:00,42.42127942501384,76.4679301198555,93.56547392272006,0
2023-02-05 22:00:00,57.737526006650306,91.12220628255425,107.1628434461008,0
2023-02-05 23:00:00,58.97938836547761,83.96839315865532,94.94737816667735,0
2023-02-06 00:00:00,46.93605654757807,72.31469352094167,102.02532190430385,0
2023-02-06 01:00:00,48.06149220032008,66.08807774584713,106.56275210089964,0
2023-02-06 02:00:00,51.429326953624525,53.48184598670695,99.7310994823703,0
2023-02-06 03:00:00,51.67228394993513,67.8084668075758,103.63792729712908,0
2023-02-06 04:00:00,53.29272136336415,72.88869761172306,95.86856284889943,0
2023-02-06 05:00:00,60.05102269383175,65.12820472848816,98.42826733257522,0
2023-02-06 06:00:00,49.11526386252975,73.68743032907695,98.35312455295728,0
2023-02-06 07:00:00,46.00851377730773,75.76851882958768,94.02737322767808,0
2023-02-06 08:00:00,43.10340385992736,72.75144018191921,98.58580669507374,0
2023-02-06 09:00:00,46.34534980029041,68.4999741917654,87.61105360909002,0
2023-02-06 10:00:00,49.83436513563102,76.68654671966728,96.07077002286316,0
2023-02-06 11:00:00,58.97278931758894,79.41940649569409,97.72099605304264,0
2023-02-06 12:00:00,47.41194350481914,64.09600922557154,97.95056198003697,0
2023-02-06 13:00:00,51.11893975819449,89.10932379746271,98.06802043303377,0
2023-02-06 14:00:00,49.917885519636236,74.01411867715738,99.50588640111897,0
2023-02-06 15:00:00,55.94196636724042,75.18849622944848,103.83553214468851,0
2023-02-06 16:00:00,62.63466212936811,82.08214423256557,106.99613659306019,0
2023-02-06 17:00:00,47.3456561353984,77.33216131263502,94.80187818521387,0
2023-02-06 18:00:00,47.552802787408886,84.53136633913245,90.37439315688684,0
2023-02-06 19:00:00,55.22080438534536,77.87124165201824,91.66364470205518,0
2023-02-06 20:00:00,53.409457448131555,68.87562625359563,96.10237663044059,0
2023-02-06 21:00:00,59.23353662868017,78.61503525206102,97.18462945746792,0
2023-02-06 22:00:00,52.91964092662982,63.56273792679338,93.84003147042034,0
2023-02-06 23:00:00,48.203539546064704,76.08559705776523,89.63106668600085,0
2023-02-07 00:00:00,52.95327415346155,74.6677000935554,96.35103338020649,0
2023-02-07 01:00:00,55.54351790291454,72.9188314272746,101.45141296091177,0
2023-02-07 02:00:00,54.10241090598682,73.71462488561069,104.76023572668451,0
2023-02-07 03:00:00,52.53637015553649,56.18150954502361,95.54061557513343,0
2023-02-07 04:00:00,55.33337344794577,69.51275092259039,96.69601742285252,0
2023-02-07 05:00:00,55.84647795222836,75.92844901141115,92.58641352922152,0
2023-02-07 06:00:00,56.91079495518763,76.598563919974,99.74848663700179,0
2023-02-07 07:00:00,53.24354943794821,64.72324859074041,93.21257092647349,0
2023-02-07 08:00:00,49.16440959841573,87.65707840864701,104.5850225059296,0
2023-02-07 09:00:00,50.733568432166614,66.33825151785499,85.7130680645271,0
2023-02-07 10:00:00,56.03254483254179,84.69457200526736,97.1229626203803,0
2023-02-07 11:00:00,45.91532164506382,79.27194361871685,102.40885871353393,0
2023-02-07 12:00:00,51.84336654436451,68.53772690156197,101.47067613058003,0
2023-02-07 13:00:00,48.0333059383632,92.75310892609512,121.54426931184398,0
2023-02-07 14:00:00,50.143724114674086,63.0636316824352,102.79840019654326,0
2023-02-07 15:00:00,56.39225931303649,84.19154173610002,91.96756322526392,0
2023-02-07 16:00:00,50.95549534009952,85.00582318042979,99.23628602328742,0
2023-02-07 17:00:00,50.23218274078074,68.29379790923355,85.79002933226839,0
2023-02-07 18:00:00,43.200719295100406,88.92465300064329,99.35520200562591,0
2023-02-07 19:00:00,53.731267830136105,72.49953485401048,93.33555154399393,0
2023-02-07 20:00:00,53.22742090570538,77.88693629279857,107.3231222044813,0
2023-02-07 21:00:00,60.8162736165273,77.6032183877122,95.60367780323573,0
2023-02-07 22:00:00,48.461108825234994,73.65691258529452,99.06587267363803,0
2023-02-07 23:00:00,51.0957516383197,83.10808273159782,94.91553726876478,0
2023-02-08 00:00:00,51.246918418553776,82.93488720552213,113.91081081482665,0
2023-02-08 01:00:00,57.887266398817374,57.51468026761819,97.4300578710567,0
2023-02-08 02:00:00,49.52352233806524,88.04340242878152,114.66045634783362,0
2023-02-08 03:00:00,51.3951076288517,58.37508011964326,106.51321409694613,0
2023-02-08 04:00:00,53.0394825485827,85.32546204341658,103.85653381868309,0
2023-02-08 05:00:00,50.93304561578179,86.26705136827583,102.94986517854016,0
2023-02-08 06:00:00,47.76783192724736,64.09033569784802,103.15037838573001,0
2023-02-08 07:00:00,50.970449964491536,70.89185712045415,84.57861936523511,0
2023-02-08 08:00:00,55.36815874929886,63.94295331514064,97.76893284679394,0
2023-02-08 09:00:00,44.867423502944696,72.85078969711265,106.76126376947457,0
2023-02-08 10:00:00,50.66484837073438,71.91965715814258,99.60882253220716,0
2023-02-08 11:00:00,46.499395925304135,82.7966053226934,88.7584812255714,0
2023-02-08 12:00:00,55.97523314462421,88.10308746119608,99.58076439538024,0
2023-02-08 13:00:00,42.384065476081126,88.95683810789956,113.63284413004394,0
2023-02-08 14:00:00,47.20539076364206,69.37831973421697,109.97513372427775,0
2023-02-08 15:00:00,51.8860593753226,72.90778126255472,99.50396792507175,0
2023-02-08 16:00:00,57.827620146171704,58.1656180777905,107.6115942164647,0
2023-02-08 17:00:00,49.67124869463506,66.94129933503811,97.06794383705558,0
2023-02-08 18:00:00,47.22400236653401,84.64851633097457,86.36902730538625,0
2023-02-08 19:00:00,59.40578534720295,91.15582823548232,92.60427209496356,0
2023-02-08 20:00:00,42.75993049791878,62.65651128120078,112.50311014806559,0
2023-02-08 21:00:00,39.00597021689959,69.07535740847106,97.80805534536556,0
2023-02-08 22:00:00,52.200072250266665,74.73594243041073,98.05292816499986,0
2023-02-08 23:00:00,47.489728878236946,77.80161158819607,97.60129442980096,0
2023-02-09 00:00:00,44.89383591434643,66.90396480078354,115.23309271658405,0
2023-02-09 01:00:00,53.541782236496765,79.2406104446409,113.0076713228965,0
2023-02-09 02:00:00,51.219003568855996,70.26160652929084,117.75024186758507,0
2023-02-09 03:00:00,47.17960684631636,74.85547729121721,98.72763831679958,0
2023-02-09 04:00:00,43.59847800664553,80.462842480037,102.36499590997676,0
2023-02-09 05:00:00,54.36228664140072,75.06422269810938,87.86685960463367,0
2023-02-09 06:00:00,53.251005889793305,70.63614109473431,111.8154754089462,0
2023-02-09 07:00:00,49.50412068110309,73.90390196074169,90.65776358985651,0
2023-02-09 08:00:00,59.23318498023833,74.11637040794665,101.73420451010104,0
2023-02-09 09:00:00,44.64957616836924,71.29988970117873,91.22157977893724,0
2023-02-09 10:00:00,42.372374145376305,72.41203937332898,95.28906538609043,0
2023-02-09 11:00:00,46.540459650593775,90.98647170504717,93.3019005516024,0
2023-02-09 12:00:00,49.77206991822251,80.6091944794124,95.13699791459345,0
2023-02-09 13:00:00,51.21669724661346,72.0451968197084,95.68701837480818,0
2023-02-09 14:00:00,89.03462410149845,19.317316320481368,180.1498629136704,1
2023-02-09 15:00:00,116.66667823560614,13.636454999029347,169.43518381911278,1
2023-02-09 16:00:00,77.9027441387496,11.452506076418619,161.66677454915202,1
2023-02-09 17:00:00,104.41082854027734,24.942631033595138,188.0251556789845,1
2023-02-09 18:00:00,124.35918304611117,-2.757605450075186,126.27708697937906,1
2023-02-09 19:00:00,89.73607270973208,31.258687512826484,193.68407994788896,1
2023-02-09 20:00:00,85.64162218504796,13.75708392672119,173.30478910650962,1
2023-02-09 21:00:00,95.38950749639498,3.048959914394633,144.08611781952635,1
2023-02-09 22:00:00,123.59450416721421,13.249807130062795,178.3905036795736,1
2023-02-09 23:00:00,103.88215261906716,38.85723825293859,122.34266218970915,1
2023-02-10 00:00:00,89.37571410784803,11.969973694756654,129.38714596180816,1
2023-02-10 01:00:00,109.67753302376079,25.3768042731443,134.78525691900748,1
2023-02-10 02:00:00,77.95415700327153,9.0356558642679,136.77555729839963,1
2023-02-10 03:00:00,113.62719020885896,31.368827748854294,123.58605893099369,1
2023-02-10 04:00:00,108.17214615403535,30.282616081853064,180.57707667738313,1
2023-02-10 05:00:00,93.84383057722232,47.72913249944617,143.52863999075421,1
2023-02-10 06:00:00,83.22828403105538,17.36654081751177,158.812624208922,1
2023-02-10 07:00:00,82.26638155433085,30.0298220713686,135.741215839658,1
2023-02-10 08:00:00,110.69634672691821,21.471013093084167,104.48491748628707,1
2023-02-10 09:00:00,124.57961004978124,39.438076727945216,156.75143395978554,1
2023-02-10 10:00:00,87.25384505942411,9.217514185869044,102.19362561450558,1
2023-02-10 11:00:00,109.16773407102968,31.17507969315922,148.2841488478633,1
2023-02-10 12:00:00,58.25945962795863,17.079540558249775,115.79212402917975,1
2023-02-10 13:00:00,88.30764538685601,19.037177343372534,199.6818999807702,1
2023-02-10 14:00:00,99.37882134258196,21.376287266725594,172.78406805436805,1
2023-02-10 15:00:00,81.80633166036333,23.78360594640016,152.643844781787,1
2023-02-10 16:00:00,81.26987250420808,18.256564353170628,181.5926669413667,1
2023-02-10 17:00:00,86.64440887062227,23.220697747557896,128.8421005633566,1
2023-02-10 18:00:00,105.84385456652747,43.67177086343277,163.5869844667523,1
2023-02-10 19:00:00,96.2534196318725,34.78174528422828,154.99526084296784,1
2023-02-10 20:00:00,55.235375333500556,33.03731888745345,156.60050203334174,1
2023-02-10 21:00:00,57.585996947298675,13.16690710964194,181.8088375026692,1
2023-02-10 22:00:00,87.86269644285649,6.661387576575136,168.31230256949505,1
2023-02-10 23:00:00,109.15373172107104,34.32950837356629,157.21809157062557,1
2023-02-11 00:00:00,45.04990314549531,33.14070188794692,108.6278140942926,1
2023-02-11 01:00:00,90.00539647696739,42.090060136264725,125.99884261801341,1
2023-02-11 02:00:00,89.47504286965157,10.940290610461558,146.9322766601069,1
2023-02-11 03:00:00,127.76675556416896,16.556770169594795,152.3343093569163,1
2023-02-11 04:00:00,92.29956376574273,-4.592262437881512,121.74490688315191,1
2023-02-11 05:00:00,107.65977969481857,14.112933409086907,210.29191688946054,1
2023-02-11 06:00:00,102.82514280174927,34.94855765869171,187.9098513813393,1
2023-02-11 07:00:00,57.38867040385599,13.00256931157703,165.05295800981207,1
2023-02-11 08:00:00,115.36414433263475,29.607196928012357,151.8009215320936,1
2023-02-11 09:00:00,104.30793010912576,17.14245341003283,144.6947757524712,1
2023-02-11 10:00:00,110.1653727934918,24.860855423323407,126.20203849944411,1
2023-02-11 11:00:00,178.52475412872653,2.784629152764989,151.93701296297155,1
2023-02-11 12:00:00,58.31774121002823,21.278141744508517,156.44381350356878,1
2023-02-11 13:00:00,134.49393299522217,-24.86703956351085,118.9559856129594,1
2023-02-11 14:00:00,94.25104961199288,17.19655762757023,158.35441043112243,1
2023-02-11 15:00:00,105.74657808806019,-4.457098655727101,146.1185237793813,1
